ident,type,name,elevation_ft,continent,iso_country,iso_region,municipality,icao_code,iata_code,gps_code,local_code,coordinates
AGGH,large_airport,Honiara International Airport,28,OC,SB,SB-GU,Honiara,AGGH,HIR,AGGH,,"-9.428, 160.054993"
AYPY,large_airport,Port Moresby Jacksons International Airport,146,OC,PG,PG-NCD,Port Moresby,AYPY,POM,AYPY,,"-9.443380355834961, 147.22000122070312"
BIKF,large_airport,Keflavik International Airport,171,EU,IS,IS-2,Reykjavík,BIKF,KEF,BIKF,,"63.985001, -22.6056"
CYEG,large_airport,Edmonton International Airport,2373,NA,CA,CA-AB,Edmonton,CYEG,YEG,CYEG,CYEG,"53.3097, -113.580002"
CYHZ,large_airport,Halifax / Stanfield International Airport,477,NA,CA,CA-NS,Halifax,CYHZ,YHZ,CYHZ,,"44.8807983398, -63.5085983276"
CYOW,large_airport,Ottawa Macdonald-Cartier International Airport,374,NA,CA,CA-ON,Ottawa,CYOW,YOW,CYOW,YOW,"45.322498, -75.669197"
CYQB,large_airport,Quebec Jean Lesage International Airport,244,NA,CA,CA-QC,Quebec,CYQB,YQB,CYQB,YQB,"46.7911, -71.393303"
CYUL,large_airport,Montreal / Pierre Elliott Trudeau International Airport,118,NA,CA,CA-QC,Montréal,CYUL,YUL,CYUL,YUL,"45.467837, -73.742294"
CYVR,large_airport,Vancouver International Airport,14,NA,CA,CA-BC,Vancouver,CYVR,YVR,CYVR,,"49.193901062, -123.183998108"
CYWG,large_airport,Winnipeg / James Armstrong Richardson International Airport,783,NA,CA,CA-MB,Winnipeg,CYWG,YWG,CYWG,YWG,"49.909999847399995, -97.2398986816"
CYYC,large_airport,Calgary International Airport,3557,NA,CA,CA-AB,Calgary,CYYC,YYC,CYYC,,"51.118822, -114.009933"
CYYT,large_airport,St. John's International Airport,461,NA,CA,CA-NL,St. John's,CYYT,YYT,CYYT,,"47.618599, -52.7519"
CYYZ,large_airport,Toronto Lester B. Pearson International Airport,569,NA,CA,CA-ON,Toronto,CYYZ,YYZ,CYYZ,YYZ,"43.6772, -79.6306"
DAAG,large_airport,Houari Boumediene Airport,82,AF,DZ,DZ-16,Algiers,DAAG,ALG,DAAG,,"36.693886, 3.214531"
DGAA,large_airport,Kotoka International Airport,205,AF,GH,GH-AA,Accra,DGAA,ACC,DGAA,,"5.605189800262451, -0.16678600013256073"
DNAA,large_airport,Nnamdi Azikiwe International Airport,1123,AF,NG,NG-FC,Abuja,DNAA,ABV,DNAA,,"9.00679, 7.26317"
DNMM,large_airport,Murtala Muhammed International Airport,135,AF,NG,NG-LA,Lagos,DNMM,LOS,DNMM,,"6.57737, 3.32116"
DRRN,large_airport,Diori Hamani International Airport,732,AF,NE,NE-8,Niamey,DRRN,NIM,DRRN,,"13.4815, 2.18361"
DTTA,large_airport,Tunis Carthage International Airport,22,AF,TN,TN-11,Tunis,DTTA,TUN,DTTA,,"36.851002, 10.2272"
EBBR,large_airport,Brussels Airport,175,EU,BE,BE-VBR,Zaventem,EBBR,BRU,EBBR,,"50.901402, 4.48444"
EDDB,large_airport,Berlin Brandenburg Airport,157,EU,DE,DE-BR,Berlin,EDDB,BER,EDDB,,"52.362247, 13.500672"
EDDF,large_airport,Frankfurt Airport,364,EU,DE,DE-HE,Frankfurt am Main,EDDF,FRA,EDDF,,"50.030241, 8.561096"
EDDH,large_airport,Hamburg Helmut Schmidt Airport,53,EU,DE,DE-HH,Hamburg,EDDH,HAM,EDDH,,"53.630402, 9.98823"
EDDK,large_airport,Cologne Bonn Airport,302,EU,DE,DE-NW,Köln (Cologne),EDDK,CGN,EDDK,,"50.865898, 7.14274"
EDDL,large_airport,Düsseldorf Airport,147,EU,DE,DE-NW,Düsseldorf,EDDL,DUS,EDDL,,"51.289501, 6.76678"
EDDM,large_airport,Munich Airport,1487,EU,DE,DE-BY,Munich,EDDM,MUC,EDDM,,"48.353802, 11.7861"
EDDN,large_airport,Nuremberg Airport,1046,EU,DE,DE-BY,Nuremberg,EDDN,NUE,EDDN,,"49.498699, 11.078056"
EDDP,large_airport,Leipzig/Halle Airport,465,EU,DE,DE-SN,Schkeuditz,EDDP,LEJ,EDDP,,"51.420657, 12.232705"
EDDS,large_airport,Stuttgart Airport,1276,EU,DE,DE-BW,Stuttgart,EDDS,STR,EDDS,,"48.689899, 9.22196"
EDDV,large_airport,Hannover Airport,183,EU,DE,DE-NI,Hannover,EDDV,HAJ,EDDV,,"52.461102, 9.68508"
EETN,large_airport,Lennart Meri Tallinn Airport,131,EU,EE,EE-37,Tallinn,EETN,TLL,EETN,,"59.413246, 24.83264"
EFHK,large_airport,Helsinki Vantaa Airport,179,EU,FI,FI-18,Helsinki,EFHK,HEL,EFHK,,"60.318363, 24.963341"
EGAA,large_airport,Belfast International Airport,268,EU,GB,GB-NIR,Belfast,EGAA,BFS,EGAA,,"54.6575012207, -6.2158298492399995"
EGBB,large_airport,Birmingham Airport,327,EU,GB,GB-ENG,"Birmingham, West Midlands",EGBB,BHX,EGBB,,"52.453899, -1.74803"
EGCC,large_airport,Manchester Airport,257,EU,GB,GB-ENG,"Manchester, Greater Manchester",EGCC,MAN,EGCC,,"53.349375, -2.279521"
EGGW,large_airport,London Luton Airport,526,EU,GB,GB-ENG,"Luton, Bedfordshire",EGGW,LTN,EGGW,,"51.874699, -0.368333"
EGKK,large_airport,London Gatwick Airport,202,EU,GB,GB-ENG,London,EGKK,LGW,EGKK,,"51.148771, -0.192089"
EGLL,large_airport,London Heathrow Airport,83,EU,GB,GB-ENG,London,EGLL,LHR,EGLL,,"51.4706, -0.461941"
EGPF,large_airport,Glasgow International Airport,26,EU,GB,GB-SCT,"Paisley, Renfrewshire",EGPF,GLA,EGPF,,"55.871899, -4.43306"
EGPH,large_airport,Edinburgh Airport,135,EU,GB,GB-SCT,Edinburgh,EGPH,EDI,EGPH,,"55.950145, -3.372288"
EGSS,large_airport,London Stansted Airport,348,EU,GB,GB-ENG,London,EGSS,STN,EGSS,,"51.884998, 0.235"
EHAM,large_airport,Amsterdam Airport Schiphol,-11,EU,NL,NL-NH,Amsterdam,EHAM,AMS,EHAM,,"52.308601, 4.76389"
EHEH,large_airport,Eindhoven Airport,74,EU,NL,NL-NB,Eindhoven,EHEH,EIN,EHEH,,"51.4500999451, 5.37452983856"
EIDW,large_airport,Dublin Airport,242,EU,IE,IE-D,Dublin,EIDW,DUB,EIDW,,"53.428713, -6.262121"
EINN,large_airport,Shannon Airport,46,EU,IE,IE-CE,Shannon,EINN,SNN,EINN,,"52.702, -8.92482"
EKBI,large_airport,Billund Airport,247,EU,DK,DK-83,Billund,EKBI,BLL,EKBI,,"55.740335, 9.157019"
EKCH,large_airport,Copenhagen Kastrup Airport,17,EU,DK,DK-84,Copenhagen,EKCH,CPH,EKCH,,"55.617900848389, 12.656000137329"
ELLX,large_airport,Luxembourg-Findel International Airport,1234,EU,LU,LU-L,Luxembourg,ELLX,LUX,ELLX,,"49.6233333, 6.2044444"
ENBR,large_airport,"Bergen Airport, Flesland",170,EU,NO,NO-46,Bergen,ENBR,BGO,ENBR,,"60.2934, 5.21814"
ENGM,large_airport,"Oslo Airport, Gardermoen",681,EU,NO,NO-32,Oslo,ENGM,OSL,ENGM,,"60.193901, 11.1004"
ENTC,large_airport,"Tromsø Airport, Langnes",31,EU,NO,NO-55,Tromsø,ENTC,TOS,ENTC,,"69.683296, 18.9189"
ENVA,large_airport,"Trondheim Airport, Værnes",56,EU,NO,NO-50,Trondheim,ENVA,TRD,ENVA,,"63.457802, 10.924"
ENZV,large_airport,"Stavanger Airport, Sola",29,EU,NO,NO-11,Stavanger,ENZV,SVG,ENZV,,"58.876701, 5.63778"
EPGD,large_airport,Gdańsk Lech Wałęsa Airport,489,EU,PL,PL-PM,Gdańsk,EPGD,GDN,EPGD,,"54.377602, 18.4662"
EPKK,large_airport,Kraków John Paul II International Airport,791,EU,PL,PL-MA,Balice,EPKK,KRK,EPKK,,"50.077702, 19.7848"
EPWA,large_airport,Warsaw Chopin Airport,362,EU,PL,PL-MZ,Warsaw,EPWA,WAW,EPWA,,"52.165699, 20.9671"
ESGG,large_airport,Göteborg Landvetter Airport,506,EU,SE,SE-Q,Göteborg,ESGG,GOT,ESGG,,"57.6628, 12.2798"
ESSA,large_airport,Stockholm-Arlanda Airport,137,EU,SE,SE-AB,Stockholm,ESSA,ARN,ESSA,,"59.64849, 17.928829"
EVRA,large_airport,Riga International Airport,36,EU,LV,LV-062,Riga,EVRA,RIX,EVRA,,"56.923599, 23.9711"
EYVI,large_airport,Vilnius International Airport,648,EU,LT,LT-VL,Vilnius,EYVI,VNO,EYVI,,"54.634102, 25.285801"
FACT,large_airport,Cape Town International Airport,151,AF,ZA,ZA-WC,Cape Town,FACT,CPT,FACT,,"-33.9648017883, 18.6016998291"
FALE,large_airport,King Shaka International Airport,295,AF,ZA,ZA-NL,Durban,FALE,DUR,FALE,,"-29.6144444444, 31.1197222222"
FAOR,large_airport,O.R. Tambo International Airport,5558,AF,ZA,ZA-GT,Johannesburg,FAOR,JNB,FAOR,,"-26.1392, 28.246"
FBSK,large_airport,Sir Seretse Khama International Airport,3299,AF,BW,BW-GA,Gaborone,FBSK,GBE,FBSK,,"-24.555201, 25.9182"
FDSK,large_airport,King Mswati III International Airport,1092,AF,SZ,SZ-LU,Mpaka,FDSK,SHO,FDSK,,"-26.358611, 31.716944"
FIMP,large_airport,Sir Seewoosagur Ramgoolam International Airport,186,AF,MU,MU-GP,Plaine Magnien,FIMP,MRU,FIMP,,"-20.430201, 57.683601"
FLLS,large_airport,Kenneth Kaunda International Airport,3779,AF,ZM,ZM-09,Lusaka,,LUN,FLKK,,"-15.330833, 28.452722"
FMEE,large_airport,Roland Garros Airport,66,AF,RE,RE-SD,Sainte-Marie,FMEE,RUN,FMEE,,"-20.890087, 55.518894"
FMMI,large_airport,Ivato Airport,4198,AF,MG,MG-T,Antananarivo,FMMI,TNR,FMMI,,"-18.7969, 47.478802"
FNLU,large_airport,Quatro de Fevereiro International Airport,243,AF,AO,AO-LUA,Luanda,FNLU,LAD,FNLU,,"-8.85837, 13.2312"
FPST,large_airport,São Tomé International Airport,33,AF,ST,ST-01,São Tomé,FPST,TMS,FPST,,"0.378175, 6.71215"
FQMA,large_airport,Maputo Airport,145,AF,MZ,MZ-MPM,Maputo,FQMA,MPM,FQMA,,"-25.920799, 32.572601"
FSIA,large_airport,Seychelles International Airport,10,AF,SC,SC-20,Mahe Island,FSIA,SEZ,FSIA,,"-4.67434, 55.521801"
FTTJ,large_airport,N'Djamena International Airport,968,AF,TD,TD-ND,N'Djamena,FTTJ,NDJ,FTTJ,,"12.1337, 15.034"
FVHA,large_airport,Robert Gabriel Mugabe International Airport,4887,AF,ZW,ZW-HA,Harare,,HRE,FVRG,,"-17.931801, 31.0928"
FYWH,large_airport,Hosea Kutako International Airport,5640,AF,NA,NA-KH,Windhoek,FYWH,WDH,FYWH,,"-22.4799, 17.4709"
FZAA,large_airport,Ndjili International Airport,1027,AF,CD,CD-KN,Kinshasa,FZAA,FIH,FZAA,,"-4.38575, 15.4446"
GABS,large_airport,Modibo Keita International Airport,1247,AF,ML,ML-2,Bamako,GABS,BKO,GABS,,"12.5335, -7.94994"
GBYD,large_airport,Banjul International Airport,95,AF,GM,GM-W,Banjul,GBYD,BJL,GBYD,,"13.338, -16.652201"
GCFV,large_airport,Fuerteventura Airport,85,AF,ES,ES-CN,El Matorral,GCFV,FUE,GCFV,,"28.4527, -13.8638"
GCLP,large_airport,Gran Canaria Airport,78,AF,ES,ES-CN,Gran Canaria Island,GCLP,LPA,GCLP,,"27.9319, -15.3866"
GCRR,large_airport,César Manrique-Lanzarote Airport,46,AF,ES,ES-CN,San Bartolomé,GCRR,ACE,GCRR,,"28.945499, -13.6052"
GCTS,large_airport,Tenerife Sur Airport,209,AF,ES,ES-CN,Tenerife,GCTS,TFS,GCTS,,"28.0445, -16.5725"
GFLL,large_airport,Lungi International Airport,84,AF,SL,SL-N,Freetown (Lungi-Town),GFLL,FNA,GFLL,,"8.61644, -13.1955"
GLRB,large_airport,Roberts International Airport,31,AF,LR,LR-MG,Monrovia,GLRB,ROB,GLRB,,"6.23379, -10.3623"
GMAD,large_airport,Al Massira Airport,250,AF,MA,MA-09,Agadir (Temsia),GMAD,AGA,GMAD,,"30.322478, -9.412003"
GMFF,large_airport,Fes Saïss International Airport,1900,AF,MA,MA-03,Saïss,GMFF,FEZ,GMFF,,"33.927299, -4.97796"
GMME,large_airport,Rabat-Salé Airport,276,AF,MA,MA-04,Rabat,GMME,RBA,GMME,,"34.051498, -6.75152"
GMMN,large_airport,Mohammed V International Airport,656,AF,MA,MA-06,Casablanca,GMMN,CMN,GMMN,,"33.3675, -7.58997"
GMMX,large_airport,Menara Airport,1545,AF,MA,MA-07,Marrakech,GMMX,RAK,GMMX,,"31.606899, -8.0363"
GMTT,large_airport,Tangier Ibn Battuta Airport,62,AF,MA,MA-01,Tangier,GMTT,TNG,GMTT,,"35.731741, -5.921459"
GOBD,large_airport,Blaise Diagne International Airport,290,AF,SN,SN-DK,Dakar,GOBD,DSS,GOBD,,"14.670878, -17.072829"
GQNO,large_airport,Nouakchott–Oumtounsy International Airport,9,AF,MR,MR-NKC,Nouakchott,GQNO,NKC,GQNO,,"18.31, -15.969722"
GVAC,large_airport,Amílcar Cabral International Airport,177,AF,CV,CV-B,Espargos,GVAC,SID,GVAC,,"16.7414, -22.9494"
GVNP,large_airport,Nelson Mandela International Airport,230,AF,CV,CV-S,Praia,GVNP,RAI,GVNP,,"14.941126, -23.484728"
HAAB,large_airport,Addis Ababa Bole International Airport,7630,AF,ET,ET-AA,Addis Ababa,HAAB,ADD,HAAB,,"8.97789, 38.799301"
HDAM,large_airport,Djibouti-Ambouli Airport,49,AF,DJ,DJ-DJ,Djibouti City,HDAM,JIB,HDAM,,"11.5473, 43.1595"
HECA,large_airport,Cairo International Airport,322,AF,EG,EG-C,Cairo,HECA,CAI,HECA,,"30.111534, 31.396694"
HEGN,large_airport,Hurghada International Airport,32,AF,EG,EG-BA,Hurghada,HEGN,HRG,HEGN,,"27.176776, 33.796692"
HESG,large_airport,Suhaj Mubarak International Airport,322,AF,EG,EG-SHG,Suhaj,HESG,HMB,HESG,,"26.342515, 31.743017"
HESH,large_airport,Sharm El Sheikh International Airport,191,AS,EG,EG-JS,Sharm El Sheikh,HESH,SSH,HESH,,"27.977272, 34.394717"
HJJJ,large_airport,Juba International Airport,1513,AF,SS,SS-EC,Juba,HJJJ,JUB,HJJJ,,"4.87201, 31.601101"
HKJK,large_airport,Jomo Kenyatta International Airport,5330,AF,KE,KE-110,Nairobi,HKJK,NBO,HKJK,,"-1.31923997402, 36.9277992249"
HKMO,large_airport,Moi International Airport,200,AF,KE,KE-300,Mombasa,HKMO,MBA,HKMO,,"-4.03483, 39.5942"
HLLM,large_airport,Mitiga International Airport,36,AF,LY,LY-TB,Tripoli,HLLM,MJI,HLLM,,"32.89177, 13.287878"
HRYR,large_airport,Kigali International Airport,4859,AF,RW,RW-01,Kigali,HRYR,KGL,HRYR,,"-1.96863, 30.1395"
HSSK,large_airport,Khartoum International Airport,1265,AF,SD,SD-03,Khartoum,HSSK,KRT,HSSK,,"15.5895, 32.5532"
HTDA,large_airport,Julius Nyerere International Airport,182,AF,TZ,TZ-02,Dar es Salaam,HTDA,DAR,HTDA,,"-6.87811, 39.202599"
HTZA,large_airport,Abeid Amani Karume International Airport,54,AF,TZ,TZ-07,Zanzibar,HTZA,ZNZ,HTZA,,"-6.22202, 39.224899"
HUEN,large_airport,Entebbe International Airport,3782,AF,UG,UG-C,Kampala,HUEN,EBB,HUEN,,"0.042386, 32.443501"
ID-0277,large_airport,Dhoho International Airport,380,AS,ID,ID-JI,Kediri,,DHX,WARD,,"-7.750278, 111.947222"
IN-0276,large_airport,Navi Mumbai International Airport,184,AS,IN,IN-MM,Navi Mumbai,,NMI,,,"18.988686, 73.068523"
KABQ,large_airport,Albuquerque International Sunport,5355,NA,US,US-NM,Albuquerque,KABQ,ABQ,KABQ,ABQ,"35.039976, -106.608925"
KADW,large_airport,Joint Base Andrews,280,NA,US,US-MD,Camp Springs,KADW,ADW,KADW,ADW,"38.810799, -76.866997"
KATL,large_airport,Hartsfield Jackson Atlanta International Airport,1026,NA,US,US-GA,Atlanta,KATL,ATL,KATL,ATL,"33.6367, -84.428101"
KAUS,large_airport,Austin Bergstrom International Airport,542,NA,US,US-TX,Austin,KAUS,AUS,KAUS,AUS,"30.197535, -97.662015"
KBDL,large_airport,Bradley International Airport,173,NA,US,US-CT,Hartford,KBDL,BDL,KBDL,BDL,"41.93851, -72.688066"
KBNA,large_airport,Nashville International Airport,599,NA,US,US-TN,Nashville,KBNA,BNA,KBNA,BNA,"36.1245, -86.6782"
KBOS,large_airport,Logan International Airport,20,NA,US,US-MA,Boston,KBOS,BOS,KBOS,BOS,"42.36197, -71.0079"
KBUF,large_airport,Buffalo Niagara International Airport,728,NA,US,US-NY,Buffalo,KBUF,BUF,KBUF,BUF,"42.940498, -78.732201"
KBWI,large_airport,Baltimore/Washington International Thurgood Marshall Airport,146,NA,US,US-MD,Baltimore,KBWI,BWI,KBWI,BWI,"39.1754, -76.668297"
KCLE,large_airport,Cleveland Hopkins International Airport,791,NA,US,US-OH,Cleveland,KCLE,CLE,KCLE,CLE,"41.411701, -81.8498"
KCLT,large_airport,Charlotte Douglas International Airport,748,NA,US,US-NC,Charlotte,KCLT,CLT,KCLT,CLT,"35.2140007019043, -80.94309997558594"
KCMH,large_airport,John Glenn Columbus International Airport,815,NA,US,US-OH,Columbus,KCMH,CMH,KCMH,CMH,"39.998001, -82.891899"
KCVG,large_airport,Cincinnati Northern Kentucky International Airport,896,NA,US,US-KY,Cincinnati / Covington,KCVG,CVG,KCVG,CVG,"39.048801, -84.667801"
KDCA,large_airport,Ronald Reagan Washington National Airport,15,NA,US,US-DC,Washington,KDCA,DCA,KDCA,DCA,"38.8521, -77.037697"
KDEN,large_airport,Denver International Airport,5431,NA,US,US-CO,Denver,KDEN,DEN,KDEN,DEN,"39.861698150635, -104.672996521"
KDFW,large_airport,Dallas Fort Worth International Airport,607,NA,US,US-TX,Dallas-Fort Worth,KDFW,DFW,KDFW,DFW,"32.896801, -97.038002"
KDTW,large_airport,Detroit Metropolitan Wayne County Airport,645,NA,US,US-MI,Detroit,KDTW,DTW,KDTW,DTW,"42.21377, -83.353786"
KEWR,large_airport,Newark Liberty International Airport,18,NA,US,US-NJ,Newark,KEWR,EWR,KEWR,EWR,"40.692501, -74.168701"
KFLL,large_airport,Fort Lauderdale Hollywood International Airport,9,NA,US,US-FL,Fort Lauderdale,KFLL,FLL,KFLL,FLL,"26.072599, -80.152702"
KIAD,large_airport,Washington Dulles International Airport,312,NA,US,US-VA,Dulles,KIAD,IAD,KIAD,IAD,"38.9445, -77.455803"
KIAH,large_airport,George Bush Intercontinental Houston Airport,97,NA,US,US-TX,Houston,KIAH,IAH,KIAH,IAH,"29.984399795532227, -95.34140014648438"
KIND,large_airport,Indianapolis International Airport,797,NA,US,US-IN,Indianapolis,KIND,IND,KIND,IND,"39.7173, -86.294403"
KJAX,large_airport,Jacksonville International Airport,30,NA,US,US-FL,Jacksonville,KJAX,JAX,KJAX,JAX,"30.492469, -81.687813"
KJFK,large_airport,John F Kennedy International Airport,13,NA,US,US-NY,New York,KJFK,JFK,KJFK,JFK,"40.639447, -73.779317"
KLAS,large_airport,Harry Reid International Airport,2181,NA,US,US-NV,Las Vegas,KLAS,LAS,KLAS,LAS,"36.083361, -115.151817"
KLAX,large_airport,Los Angeles International Airport,125,NA,US,US-CA,Los Angeles,KLAX,LAX,KLAX,LAX,"33.942501, -118.407997"
KLGA,large_airport,LaGuardia Airport,21,NA,US,US-NY,New York,KLGA,LGA,KLGA,LGA,"40.777199, -73.872597"
KMCI,large_airport,Kansas City International Airport,1026,NA,US,US-MO,Kansas City,KMCI,MCI,KMCI,MCI,"39.2976, -94.713898"
KMCO,large_airport,Orlando International Airport,96,NA,US,US-FL,Orlando,KMCO,MCO,KMCO,MCO,"28.429399490356445, -81.30899810791016"
KMDW,large_airport,Chicago Midway International Airport,620,NA,US,US-IL,Chicago,KMDW,MDW,KMDW,MDW,"41.785999, -87.752403"
KMEM,large_airport,Memphis International Airport,341,NA,US,US-TN,Memphis,KMEM,MEM,KMEM,MEM,"35.0424, -89.9767"
KMIA,large_airport,Miami International Airport,8,NA,US,US-FL,Miami,KMIA,MIA,KMIA,MIA,"25.79319953918457, -80.29060363769531"
KMKE,large_airport,General Mitchell International Airport,723,NA,US,US-WI,Milwaukee,KMKE,MKE,KMKE,MKE,"42.947201, -87.896599"
KMSP,large_airport,Minneapolis–Saint Paul International Airport / Wold–Chamberlain Field,841,NA,US,US-MN,Minneapolis,KMSP,MSP,KMSP,MSP,"44.880081, -93.221741"
KMSY,large_airport,Louis Armstrong New Orleans International Airport,4,NA,US,US-LA,New Orleans,KMSY,MSY,KMSY,MSY,"29.993401, -90.258003"
KOAK,large_airport,San Francisco Bay Oakland International Airport,9,NA,US,US-CA,Oakland,KOAK,OAK,KOAK,OAK,"37.720085, -122.221184"
KOKC,large_airport,Will Rogers World Airport,1295,NA,US,US-OK,Oklahoma City,KOKC,OKC,KOKC,OKC,"35.393388, -97.598248"
KOMA,large_airport,Eppley Airfield,984,NA,US,US-NE,Omaha,KOMA,OMA,KOMA,OMA,"41.3032, -95.894096"
KONT,large_airport,Ontario International Airport,944,NA,US,US-CA,Ontario,KONT,ONT,KONT,ONT,"34.056, -117.600998"
KORD,large_airport,Chicago O'Hare International Airport,680,NA,US,US-IL,Chicago,KORD,ORD,KORD,ORD,"41.9786, -87.9048"
KORF,large_airport,Norfolk International Airport,26,NA,US,US-VA,Norfolk,KORF,ORF,KORF,ORF,"36.895341, -76.201"
KPBI,large_airport,Palm Beach International Airport,19,NA,US,US-FL,West Palm Beach,KPBI,PBI,KPBI,PBI,"26.683201, -80.095596"
KPDX,large_airport,Portland International Airport,31,NA,US,US-OR,Portland,KPDX,PDX,KPDX,PDX,"45.588699, -122.598"
KPHL,large_airport,Philadelphia International Airport,36,NA,US,US-PA,Philadelphia,KPHL,PHL,KPHL,PHL,"39.871899, -75.241096"
KPHX,large_airport,Phoenix Sky Harbor International Airport,1135,NA,US,US-AZ,Phoenix,KPHX,PHX,KPHX,PHX,"33.435302, -112.005905"
KPIT,large_airport,Pittsburgh International Airport,1203,NA,US,US-PA,Pittsburgh,KPIT,PIT,KPIT,PIT,"40.491501, -80.232903"
KPVD,large_airport,Theodore Francis Green State Airport,55,NA,US,US-RI,Warwick,KPVD,PVD,KPVD,PVD,"41.725038, -71.425668"
KPWM,large_airport,Portland International Jetport,76,NA,US,US-ME,Portland,KPWM,PWM,KPWM,PWM,"43.646198, -70.309303"
KRDU,large_airport,Raleigh Durham International Airport,435,NA,US,US-NC,Raleigh/Durham,KRDU,RDU,KRDU,RDU,"35.877602, -78.787498"
KRIC,large_airport,Richmond International Airport,167,NA,US,US-VA,Richmond,KRIC,RIC,KRIC,RIC,"37.505199, -77.319702"
KRNO,large_airport,Reno Tahoe International Airport,4415,NA,US,US-NV,Reno,KRNO,RNO,KRNO,RNO,"39.4991, -119.767998"
KRSW,large_airport,Southwest Florida International Airport,30,NA,US,US-FL,Fort Myers,KRSW,RSW,KRSW,RSW,"26.53619956970215, -81.75520324707031"
KSAN,large_airport,San Diego International Airport,17,NA,US,US-CA,San Diego,KSAN,SAN,KSAN,SAN,"32.7336006165, -117.190002441"
KSAT,large_airport,San Antonio International Airport,809,NA,US,US-TX,San Antonio,KSAT,SAT,KSAT,SAT,"29.533701, -98.469803"
KSAV,large_airport,Savannah Hilton Head International Airport,50,NA,US,US-GA,Savannah,KSAV,SAV,KSAV,SAV,"32.127602, -81.202103"
KSDF,large_airport,Louisville Muhammad Ali International Airport,501,NA,US,US-KY,Louisville,KSDF,SDF,KSDF,SDF,"38.1744, -85.736"
KSEA,large_airport,Seattle–Tacoma International Airport,433,NA,US,US-WA,Seattle,KSEA,SEA,KSEA,SEA,"47.447943, -122.310276"
KSFB,large_airport,Orlando Sanford International Airport,55,NA,US,US-FL,Orlando,KSFB,SFB,KSFB,SFB,"28.777599334716797, -81.23750305175781"
KSFO,large_airport,San Francisco International Airport,13,NA,US,US-CA,San Francisco,KSFO,SFO,KSFO,SFO,"37.619806, -122.374821"
KSJC,large_airport,Norman Y. Mineta San Jose International Airport,62,NA,US,US-CA,San Jose,KSJC,SJC,KSJC,SJC,"37.362452, -121.929188"
KSLC,large_airport,Salt Lake City International Airport,4227,NA,US,US-UT,Salt Lake City,KSLC,SLC,KSLC,SLC,"40.78886, -111.979866"
KSMF,large_airport,Sacramento International Airport,27,NA,US,US-CA,Sacramento,KSMF,SMF,KSMF,SMF,"38.6954, -121.591003"
KSNA,large_airport,John Wayne Orange County International Airport,56,NA,US,US-CA,Santa Ana,KSNA,SNA,KSNA,SNA,"33.675701, -117.867996"
KSRQ,large_airport,Sarasota Bradenton International Airport,30,NA,US,US-FL,Sarasota/Bradenton,KSRQ,SRQ,KSRQ,SRQ,"27.394631, -82.554359"
KSTL,large_airport,St. Louis Lambert International Airport,618,NA,US,US-MO,St Louis,KSTL,STL,KSTL,STL,"38.748697, -90.370003"
KSYR,large_airport,Syracuse Hancock International Airport,421,NA,US,US-NY,Syracuse,KSYR,SYR,KSYR,SYR,"43.11119842529297, -76.1063003540039"
KTPA,large_airport,Tampa International Airport,26,NA,US,US-FL,Tampa,KTPA,TPA,KTPA,TPA,"27.9755, -82.533203"
KTUL,large_airport,Tulsa International Airport,677,NA,US,US-OK,Tulsa,KTUL,TUL,KTUL,TUL,"36.19839859008789, -95.88809967041016"
LATI,large_airport,Tirana International Airport Mother Teresa,126,EU,AL,AL-02,Rinas,LATI,TIA,LATI,,"41.4147, 19.7206"
LBBG,large_airport,Burgas Airport,135,EU,BG,BG-02,Burgas,LBBG,BOJ,LBBG,,"42.569917, 27.515173"
LBSF,large_airport,Sofia Airport,1742,EU,BG,BG-22,Sofia,LBSF,SOF,LBSF,,"42.696357, 23.417671"
LBWN,large_airport,Varna Airport,230,EU,BG,BG-03,Varna,LBWN,VAR,LBWN,,"43.232101, 27.8251"
LCLK,large_airport,Larnaca International Airport,8,AS,CY,CY-04,Larnaca,LCLK,LCA,LCLK,,"34.875099, 33.624901"
LDZA,large_airport,Zagreb Franjo Tuđman International Airport,353,EU,HR,HR-01,Velika Gorica,LDZA,ZAG,LDZA,,"45.742901, 16.0688"
LEAL,large_airport,Alicante-Elche Miguel Hernández Airport,142,EU,ES,ES-VC,Alicante,LEAL,ALC,LEAL,,"38.2822, -0.558156"
LEBL,large_airport,Josep Tarradellas Barcelona-El Prat Airport,12,EU,ES,ES-CT,Barcelona,LEBL,BCN,LEBL,,"41.2971, 2.07846"
LEIB,large_airport,Ibiza Airport,24,EU,ES,ES-IB,Ibiza (Eivissa),LEIB,IBZ,LEIB,,"38.872898, 1.37312"
LEMD,large_airport,Adolfo Suárez Madrid–Barajas Airport,1998,EU,ES,ES-MD,Madrid,LEMD,MAD,LEMD,,"40.471926, -3.56264"
LEMG,large_airport,Málaga-Costa del Sol Airport,53,EU,ES,ES-AN,Málaga,LEMG,AGP,LEMG,,"36.6749, -4.49911"
LEPA,large_airport,Palma de Mallorca Airport,27,EU,ES,ES-IB,Palma de Mallorca,LEPA,PMI,LEPA,,"39.551701, 2.73881"
LEST,large_airport,Santiago-Rosalía de Castro Airport,1213,EU,ES,ES-GA,Santiago de Compostela,LEST,SCQ,LEST,,"42.896301, -8.41514"
LFBD,large_airport,Bordeaux-Mérignac Airport,162,EU,FR,FR-NAQ,Bordeaux/Mérignac,LFBD,BOD,LFBD,,"44.8283, -0.715556"
LFBO,large_airport,Toulouse-Blagnac Airport,499,EU,FR,FR-OCC,Toulouse/Blagnac,LFBO,TLS,LFBO,,"43.629101, 1.36382"
LFLL,large_airport,Lyon Saint-Exupéry Airport,821,EU,FR,FR-ARA,"Colombier-Saugnieu, Rhône",LFLL,LYS,LFLL,,"45.725996, 5.090139"
LFML,large_airport,Marseille Provence Airport,74,EU,FR,FR-PAC,"Marignane, Bouches-du-Rhône",LFML,MRS,LFML,,"43.438088, 5.2125"
LFMN,large_airport,Nice-Côte d'Azur Airport,12,EU,FR,FR-PAC,"Nice, Alpes-Maritimes",LFMN,NCE,LFMN,,"43.658401, 7.21587"
LFPG,large_airport,Charles de Gaulle International Airport,392,EU,FR,FR-IDF,"Paris (Roissy-en-France, Val-d'Oise)",LFPG,CDG,LFPG,,"49.012798, 2.55"
LFPO,large_airport,Paris-Orly Airport,291,EU,FR,FR-IDF,"Paris (Orly, Val-de-Marne)",LFPO,ORY,LFPO,,"48.72333, 2.37944"
LFSB,large_airport,EuroAirport Basel-Mulhouse-Freiburg,885,EU,FR,FR-GES,Saint-Louis,LFSB,BSL,LFSB,,"47.60068, 7.521117"
LGAV,large_airport,Athens Eleftherios Venizelos International Airport,308,EU,GR,GR-I,Spata-Artemida,LGAV,ATH,LGAV,,"37.936401, 23.9445"
LGIR,large_airport,Heraklion International Nikos Kazantzakis Airport,115,EU,GR,GR-M,Heraklion,LGIR,HER,LGIR,,"35.339699, 25.1803"
LGTS,large_airport,Thessaloniki Macedonia International Airport,22,EU,GR,GR-B,Thessaloniki,LGTS,SKG,LGTS,,"40.51928, 22.970009"
LHBP,large_airport,Budapest Liszt Ferenc International Airport,495,EU,HU,HU-BU,Budapest,LHBP,BUD,LHBP,,"47.43018, 19.262393"
LIBD,large_airport,Bari Karol Wojtyła International Airport,193,EU,IT,IT-75,Bari,LIBD,BRI,LIBD,BA02,"41.138901, 16.760599"
LIBR,large_airport,Brindisi Airport,47,EU,IT,IT-75,Brindisi,LIBR,BDS,LIBR,BR03,"40.6576, 17.947001"
LICC,large_airport,Catania-Fontanarossa Airport,39,EU,IT,IT-82,Catania,LICC,CTA,LICC,CT03,"37.466801, 15.0664"
LICJ,large_airport,Falcone–Borsellino Airport,65,EU,IT,IT-82,Palermo,LICJ,PMO,LICJ,PA03,"38.175999, 13.091"
LIEE,large_airport,Cagliari Elmas Airport,13,EU,IT,IT-88,Cagliari,LIEE,CAG,LIEE,CA07,"39.251499, 9.05428"
LIMC,large_airport,Milan Malpensa International Airport,768,EU,IT,IT-25,Ferno (VA),LIMC,MXP,LIMC,MI12,"45.6306, 8.72811"
LIME,large_airport,Milan Bergamo Airport / Antonio Locatelli Air Base,782,EU,IT,IT-25,Orio al Serio (BG),LIME,BGY,LIME,BG01,"45.670725, 9.709223"
LIMF,large_airport,Turin Airport,989,EU,IT,IT-21,Caselle Torinese (TO),LIMF,TRN,LIMF,TO11,"45.200802, 7.64963"
LIMJ,large_airport,Genoa Cristoforo Colombo Airport,13,EU,IT,IT-42,Genova (GE),LIMJ,GOA,LIMJ,GE01,"44.412039, 8.840732"
LIPE,large_airport,Bologna Guglielmo Marconi Airport,123,EU,IT,IT-45,Bologna,LIPE,BLQ,LIPE,BO08,"44.5354, 11.2887"
LIPX,large_airport,Verona Villafranca Valerio Catullo Airport,239,EU,IT,IT-34,Caselle (VR),LIPX,VRN,LIPX,VR10,"45.394955, 10.887303"
LIPZ,large_airport,Venice Marco Polo Airport,7,EU,IT,IT-34,Venezia (VE),LIPZ,VCE,LIPZ,VE05,"45.505299, 12.3519"
LIRF,large_airport,Rome–Fiumicino Leonardo da Vinci International Airport,13,EU,IT,IT-62,Rome,LIRF,FCO,LIRF,RM11,"41.804532, 12.251998"
LIRN,large_airport,Naples International Airport,294,EU,IT,IT-72,Napoli,LIRN,NAP,LIRN,NA01,"40.886002, 14.2908"
LIRP,large_airport,Pisa International Airport,6,EU,IT,IT-52,Pisa (PI),LIRP,PSA,LIRP,PI05,"43.683899, 10.3927"
LIRQ,large_airport,"Florence Airport, Peretola",142,EU,IT,IT-52,Firenze (FI),LIRQ,FLR,LIRQ,FI04,"43.808558, 11.202822"
LJLJ,large_airport,Ljubljana Jože Pučnik Airport,1273,EU,SI,SI-012,Zgornji Brnik,LJLJ,LJU,LJLJ,,"46.223701, 14.4576"
LKPR,large_airport,Václav Havel Airport Prague,1247,EU,CZ,CZ-PR,Prague,LKPR,PRG,LKPR,,"50.100874, 14.259911"
LLBG,large_airport,Ben Gurion International Airport,135,AS,IL,IL-M,Tel Aviv,LLBG,TLV,LLBG,,"32.011398, 34.8867"
LLER,large_airport,Ramon International Airport,288,AS,IL,IL-D,Eilat,LLER,ETM,LLER,,"29.727009, 35.014116"
LMML,large_airport,Malta International Airport,300,EU,MT,MT-25,Valletta,LMML,MLA,LMML,,"35.857498, 14.4775"
LOWW,large_airport,Vienna International Airport,600,EU,AT,AT-9,Vienna,LOWW,VIE,LOWW,,"48.110298, 16.5697"
LPFR,large_airport,Faro Airport,24,EU,PT,PT-08,Faro,LPFR,FAO,LPFR,,"37.0144004822, -7.96590995789"
LPMA,large_airport,Madeira International Airport Cristiano Ronaldo,192,EU,PT,PT-30,Funchal,LPMA,FNC,LPMA,,"32.697899, -16.7745"
LPPD,large_airport,João Paulo II Airport,259,EU,PT,PT-20,Ponta Delgada,LPPD,PDL,LPPD,,"37.7411994934, -25.6979007721"
LPPR,large_airport,Francisco de Sá Carneiro Airport,228,EU,PT,PT-13,Porto,LPPR,OPO,LPPR,,"41.2481002808, -8.68138980865"
LPPT,large_airport,Humberto Delgado Airport (Lisbon Portela Airport),374,EU,PT,PT-11,Lisbon,LPPT,LIS,LPPT,,"38.7813, -9.13592"
LQSA,large_airport,Sarajevo International Airport,1708,EU,BA,BA-BIH,Sarajevo,LQSA,SJJ,LQSA,,"43.8246, 18.331499"
LROP,large_airport,Bucharest Henri Coandă International Airport,314,EU,RO,RO-IF,Otopeni,LROP,OTP,LROP,,"44.572127, 26.103396"
LSGG,large_airport,Geneva Cointrin International Airport,1411,EU,CH,CH-GE,Geneva,LSGG,GVA,LSGG,,"46.238098, 6.10895"
LSZH,large_airport,Zürich Airport,1417,EU,CH,CH-ZH,Zurich,LSZH,ZRH,LSZH,,"47.458056, 8.548056"
LTAC,large_airport,Esenboğa International Airport,3125,AS,TR,TR-06,Ankara,LTAC,ESB,LTAC,,"40.128101, 32.995098"
LTAI,large_airport,Antalya International Airport,177,AS,TR,TR-07,Antalya,LTAI,AYT,LTAI,,"36.898701, 30.800501"
LTBJ,large_airport,Adnan Menderes International Airport,412,AS,TR,TR-35,Gaziemir,LTBJ,ADB,LTBJ,,"38.2924, 27.157"
LTBS,large_airport,Dalaman International Airport,20,AS,TR,TR-48,Dalaman,LTBS,DLM,LTBS,,"36.7131004333, 28.7924995422"
LTDB,large_airport,Çukurova International Airport,35,AS,TR,TR-33,Tarsus,LTDB,COV,LTDB,,"36.890908, 35.070522"
LTFE,large_airport,Milas Bodrum International Airport,21,AS,TR,TR-48,Bodrum,LTFE,BJV,LTFE,,"37.250599, 27.664301"
LTFJ,large_airport,Istanbul Sabiha Gökçen International Airport,312,AS,TR,TR-34,"Pendik, Istanbul",LTFJ,SAW,LTFJ,,"40.898602, 29.3092"
LTFM,large_airport,İstanbul Airport,325,EU,TR,TR-34,"Arnavutköy, Istanbul",LTFM,IST,LTFM,,"41.261297, 28.741951"
LWSK,large_airport,Skopje International Airport,781,EU,MK,MK-008,Ilinden,LWSK,SKP,LWSK,,"41.958087, 21.622581"
LXGB,large_airport,Gibraltar Airport,12,EU,GI,GI-U-A,Gibraltar,LXGB,GIB,LXGB,,"36.151199, -5.34966"
LYBE,large_airport,Belgrade Nikola Tesla Airport,335,EU,RS,RS-00,Belgrade,LYBE,BEG,LYBE,,"44.818401, 20.309099"
LYPG,large_airport,Podgorica Airport / Podgorica Golubovci Airbase,141,EU,ME,ME-16,Podgorica,LYPG,TGD,LYPG,,"42.359402, 19.2519"
LZIB,large_airport,M. R. Štefánik Airport,436,EU,SK,SK-BL,Bratislava,LZIB,BTS,LZIB,,"48.1702, 17.2127"
MBPV,large_airport,Providenciales International Airport,15,NA,TC,TC-PR,Providenciales,MBPV,PLS,MBPV,,"21.773697, -72.268321"
MDLR,large_airport,Casa De Campo International Airport,213,NA,DO,DO-12,La Romana,MDLR,LRM,MDLR,,"18.452222, -68.911111"
MDPC,large_airport,Punta Cana International Airport,47,NA,DO,DO-11,Punta Cana,MDPC,PUJ,MDPC,,"18.5674, -68.363403"
MDSD,large_airport,Las Américas International Airport,59,NA,DO,DO-01,Santo Domingo,MDSD,SDQ,MDSD,,"18.42970085144, -69.668899536133"
MGGT,large_airport,La Aurora Airport,4952,NA,GT,GT-GU,Guatemala City,MGGT,GUA,MGGT,,"14.5833, -90.527496"
MKJP,large_airport,Norman Manley International Airport,10,NA,JM,JM-01,Kingston,MKJP,KIN,MKJP,,"17.935699462890625, -76.7874984741211"
MMCZ,large_airport,Cozumel International Airport,15,NA,MX,MX-ROO,Cozumel,MMCZ,CZM,MMCZ,,"20.514922, -86.928538"
MMDO,large_airport,General Guadalupe Victoria International Airport,6104,NA,MX,MX-DUR,Durango,MMDO,DGO,MMDO,,"24.125468, -104.527938"
MMGL,large_airport,Guadalajara International Airport,5016,NA,MX,MX-JAL,Guadalajara,MMGL,GDL,MMGL,GDL,"20.523342, -103.310108"
MMMD,large_airport,Manuel Crescencio Rejón International Airport,38,NA,MX,MX-YUC,Mérida,MMMD,MID,MMMD,,"20.930485, -89.645462"
MMMX,large_airport,Benito Juárez International Airport,7316,NA,MX,MX-DIF,Ciudad de México,MMMX,MEX,MMMX,ME1,"19.435137, -99.071328"
MMMY,large_airport,Monterrey International Airport,1278,NA,MX,MX-NLE,Monterrey,MMMY,MTY,MMMY,,"25.778521, -100.106989"
MMMZ,large_airport,General Rafael Buelna International Airport,38,NA,MX,MX-SIN,Mazatlàn,MMMZ,MZT,MMMZ,,"23.161474, -106.264572"
MMPR,large_airport,Puerto Vallarta International Airport,23,NA,MX,MX-JAL,Puerto Vallarta,MMPR,PVR,MMPR,,"20.679913, -105.254391"
MMSD,large_airport,Los Cabos International Airport,374,NA,MX,MX-BCS,San José del Cabo,MMSD,SJD,MMSD,,"23.151919, -109.720731"
MMSM,large_airport,General Felipe Ángeles International Airport,7369,NA,MX,MX-MEX,Mexico City,MMSM,NLU,MMSM,SLM,"19.7357, -99.0257"
MMTJ,large_airport,General Abelardo L. Rodriguez International Airport,489,NA,MX,MX-BCN,Tijuana,MMTJ,TIJ,MMTJ,,"32.541043, -116.969976"
MMUN,large_airport,Cancún International Airport,22,NA,MX,MX-ROO,Cancún,MMUN,CUN,MMUN,,"21.039444, -86.874304"
MPTO,large_airport,Tocumen International Airport,135,NA,PA,PA-8,Tocumen,MPTO,PTY,MPTO,,"9.07136, -79.383499"
MRLB,large_airport,Guanacaste Airport,270,NA,CR,CR-G,Liberia,MRLB,LIR,MRLB,,"10.5933, -85.544403"
MSLP,large_airport,Monseñor Óscar Arnulfo Romero International Airport,101,NA,SV,SV-PA,San Salvador (San Luis Talpa),MSLP,SAL,MSLP,,"13.4409, -89.055702"
MTPP,large_airport,Toussaint Louverture International Airport,122,NA,HT,HT-OU,Port-au-Prince,MTPP,PAP,MTPP,,"18.580023, -72.292596"
MUHA,large_airport,José Martí International Airport,210,NA,CU,CU-03,Havana,MUHA,HAV,MUHA,,"22.989200592041016, -82.40910339355469"
MUVR,large_airport,Juan Gualberto Gomez International Airport,210,NA,CU,CU-04,Matanzas,MUVR,VRA,MUVR,,"23.034401, -81.435303"
MWCR,large_airport,Owen Roberts International Airport,8,NA,KY,KY-GC,George Town,MWCR,GCM,MWCR,,"19.292801, -81.357697"
MYNN,large_airport,Lynden Pindling International Airport,16,NA,BS,BS-NP,Nassau,MYNN,NAS,MYNN,,"25.039, -77.466202"
MZBZ,large_airport,Philip S. W. Goldson International Airport,15,NA,BZ,BZ-BZ,Belize City,MZBZ,BZE,MZBZ,,"17.539951, -88.303556"
NTAA,large_airport,Faa'a International Airport,5,OC,PF,PF-U-A,Papeete,NTAA,PPT,NTAA,,"-17.553699, -149.606995"
NVVV,large_airport,Bauerfield International Airport,70,OC,VU,VU-SEE,Port Vila,NVVV,VLI,NVVV,,"-17.699301, 168.320007"
NZAA,large_airport,Auckland International Airport,23,OC,NZ,NZ-AUK,Auckland,NZAA,AKL,NZAA,,"-37.01199, 174.786331"
NZCH,large_airport,Christchurch International Airport,123,OC,NZ,NZ-CAN,Christchurch,NZCH,CHC,NZCH,,"-43.48939895629883, 172.53199768066406"
NZWN,large_airport,Wellington International Airport,41,OC,NZ,NZ-WGN,Wellington,NZWN,WLG,NZWN,,"-41.327202, 174.804993"
OBBI,large_airport,Bahrain International Airport,6,AS,BH,BH-15,Manama,OBBI,BAH,OBBI,,"26.267295, 50.63764"
OEDF,large_airport,King Fahd International Airport,72,AS,SA,SA-04,Ad Dammam,OEDF,DMM,OEDF,,"26.471201, 49.797901"
OEDR,large_airport,King Abdulaziz Air Base,84,AS,SA,SA-04,Dhahran,OEDR,DHA,OEDR,,"26.2654, 50.152"
OEJN,large_airport,King Abdulaziz International Airport,48,AS,SA,SA-02,Jeddah,OEJN,JED,OEJN,,"21.6796, 39.156502"
OEMA,large_airport,Prince Mohammad Bin Abdulaziz Airport,2151,AS,SA,SA-03,Medina,OEMA,MED,OEMA,,"24.5534, 39.705101"
OERK,large_airport,King Khaled International Airport,2049,AS,SA,SA-01,Riyadh,OERK,RUH,OERK,,"24.9576, 46.698799"
OIIE,large_airport,Imam Khomeini International Airport,3305,AS,IR,IR-23,Tehran,OIIE,IKA,OIIE,,"35.416099548339844, 51.152198791503906"
OIII,large_airport,Mehrabad International Airport,3962,AS,IR,IR-23,Tehran,OIII,THR,OIII,,"35.68920135498047, 51.31340026855469"
OIMM,large_airport,Mashhad International Airport,3263,AS,IR,IR-09,Mashhad,OIMM,MHD,OIMM,,"36.235198974609375, 59.64099884033203"
OISS,large_airport,Shiraz Shahid Dastghaib International Airport,4927,AS,IR,IR-07,Shiraz,OISS,SYZ,OISS,,"29.5392, 52.589802"
OJAI,large_airport,Queen Alia International Airport,2395,AS,JO,JO-AM,Amman,OJAI,AMM,OJAI,,"31.7226009369, 35.9931983948"
OKKK,large_airport,Kuwait International Airport,206,AS,KW,KW-FA,Kuwait City,OKKK,KWI,OKKK,,"29.226601, 47.968899"
OLBA,large_airport,Beirut Rafic Hariri International Airport,87,AS,LB,LB-JL,Beirut,OLBA,BEY,OLBA,,"33.820899963378906, 35.488399505615234"
OM-0003,large_airport,Duqm International Airport,364,AS,OM,OM-WU,Duqm,,DQM,OODQ,,"19.501944, 57.634167"
OMAA,large_airport,Zayed International Airport,88,AS,AE,AE-AZ,Abu Dhabi,OMAA,AUH,OMAA,,"24.443764, 54.651718"
OMDB,large_airport,Dubai International Airport,62,AS,AE,AE-DU,Dubai,OMDB,DXB,OMDB,,"25.2527999878, 55.3643989563"
OMDW,large_airport,Al Maktoum International Airport,114,AS,AE,AE-DU,Jebel Ali,OMDW,DWC,OMDW,,"24.896356, 55.161389"
OMSJ,large_airport,Sharjah International Airport,111,AS,AE,AE-SH,Sharjah,OMSJ,SHJ,OMSJ,,"25.3286, 55.5172"
OOMS,large_airport,Muscat International Airport,48,AS,OM,OM-MA,Muscat,OOMS,MCT,OOMS,,"23.5933, 58.284401"
OPIS,large_airport,Islamabad International Airport,1761,AS,PK,PK-PB,Attock,OPIS,ISB,OPIS,,"33.549, 72.82566"
OPKC,large_airport,Jinnah International Airport,100,AS,PK,PK-SD,Karachi,OPKC,KHI,OPKC,,"24.9065, 67.160797"
OPLA,large_airport,Allama Iqbal International Airport,712,AS,PK,PK-PB,Lahore,OPLA,LHE,OPLA,,"31.521601, 74.403603"
ORBI,large_airport,Baghdad International Airport / New Al Muthana Air Base,114,AS,IQ,IQ-BG,Baghdad,ORBI,BGW,ORBI,,"33.262501, 44.2346"
OSDI,large_airport,Damascus International Airport,2020,AS,SY,SY-DI,Damascus,OSDI,DAM,OSDI,,"33.4114990234375, 36.51559829711914"
OTHH,large_airport,Hamad International Airport,13,AS,QA,QA-DA,Doha,OTHH,DOH,OTHH,,"25.273056, 51.608056"
PANC,large_airport,Ted Stevens Anchorage International Airport,152,NA,US,US-AK,Anchorage,PANC,ANC,PANC,ANC,"61.179004, -149.992561"
PGUM,large_airport,Antonio B. Won Pat International Airport,298,OC,GU,GU-U-A,Hagåtña,PGUM,GUM,PGUM,GUM,"13.4834, 144.796005"
PHNL,large_airport,Daniel K Inouye International Airport,13,NA,US,US-HI,"Honolulu, Oahu",PHNL,HNL,PHNL,HNL,"21.32062, -157.924228"
PHOG,large_airport,Kahului International Airport,54,NA,US,US-HI,Kahului,PHOG,OGG,PHOG,OGG,"20.896263, -156.431837"
RCKH,large_airport,Kaohsiung International Airport,31,AS,TW,TW-KHH,Kaohsiung (Xiaogang),RCKH,KHH,RCKH,,"22.577101, 120.349998"
RCTP,large_airport,Taiwan Taoyuan International Airport,106,AS,TW,TW-TAO,Taoyuan,RCTP,TPE,RCTP,,"25.0777, 121.233002"
RJAA,large_airport,Narita International Airport,141,AS,JP,JP-12,Narita,RJAA,NRT,RJAA,,"35.764702, 140.386002"
RJBB,large_airport,Kansai International Airport,26,AS,JP,JP-27,Osaka,RJBB,KIX,RJBB,,"34.427299, 135.244003"
RJCC,large_airport,New Chitose Airport,82,AS,JP,JP-01,Sapporo,RJCC,CTS,RJCC,,"42.7752, 141.692001"
RJFF,large_airport,Fukuoka Airport,32,AS,JP,JP-40,Fukuoka,RJFF,FUK,RJFF,,"33.585899353027344, 130.4510040283203"
RJFK,large_airport,Kagoshima Airport,906,AS,JP,JP-46,Kagoshima,RJFK,KOJ,RJFK,,"31.8034, 130.718994"
RJGG,large_airport,Chubu Centrair International Airport,15,AS,JP,JP-23,Tokoname,RJGG,NGO,RJGG,,"34.858398, 136.804993"
RJOO,large_airport,Osaka International Airport,50,AS,JP,JP-27,Osaka,RJOO,ITM,RJOO,,"34.7855, 135.438004"
RJSS,large_airport,Sendai Airport,15,AS,JP,JP-04,Natori,RJSS,SDJ,RJSS,,"38.139702, 140.917007"
RJTT,large_airport,Tokyo Haneda International Airport,35,AS,JP,JP-13,Tokyo,RJTT,HND,RJTT,,"35.552299, 139.779999"
RJTY,large_airport,Yokota Air Base,463,AS,JP,JP-13,Fussa,,OKO,RJTY,,"35.748501, 139.348007"
RKJB,large_airport,Muan International Airport,35,AS,KR,KR-46,Muan (Piseo-ri),RKJB,MWX,RKJB,,"34.991406, 126.382814"
RKPC,large_airport,Jeju International Airport,118,AS,KR,KR-49,Jeju City,RKPC,CJU,RKPC,,"33.512058, 126.492548"
RKPK,large_airport,Gimhae International Airport,6,AS,KR,KR-26,Busan,RKPK,PUS,RKPK,,"35.179501, 128.938004"
RKSI,large_airport,Incheon International Airport,23,AS,KR,KR-28,Seoul,RKSI,ICN,RKSI,,"37.469101, 126.450996"
RKSS,large_airport,Gimpo International Airport,59,AS,KR,KR-11,Seoul,RKSS,GMP,RKSS,,"37.5583, 126.791"
ROAH,large_airport,Naha Airport / JASDF Naha Air Base,12,AS,JP,JP-47,Naha,ROAH,OKA,ROAH,,"26.195801, 127.646004"
RODN,large_airport,Kadena Air Base,143,AS,JP,JP-47,,RODN,DNA,RODN,,"26.351667, 127.769444"
RPLL,large_airport,Ninoy Aquino International Airport,75,AS,PH,PH-00,Manila (Pasay),RPLL,MNL,RPLL,,"14.5086, 121.019997"
RPMD,large_airport,Francisco Bangoy International Airport,96,AS,PH,PH-DVO,Davao,RPMD,DVO,RPMD,,"7.12552, 125.646004"
RPVM,large_airport,Mactan Cebu International Airport,31,AS,PH,PH-CEB,Lapu-Lapu City,RPVM,CEB,RPVM,,"10.309261, 123.97974"
RU-0016,large_airport,Lipetsk Air Base,636,EU,RU,RU-LIP,Lipetsk,,,,XUWL,"52.634998, 39.445"
SABE,large_airport,Jorge Newbery Airpark,18,SA,AR,AR-C,Buenos Aires,SABE,AEP,SABE,AER,"-34.5592, -58.4156"
SAEZ,large_airport,Minister Pistarini International Airport,67,SA,AR,AR-B,Buenos Aires (Ezeiza),SAEZ,EZE,SAEZ,EZE,"-34.8222, -58.5358"
SBBE,large_airport,Val de Cans/Júlio Cezar Ribeiro International Airport,54,SA,BR,BR-PA,Belém,SBBE,BEL,SBBE,PA0001,"-1.379279, -48.476207"
SBBR,large_airport,Presidente Juscelino Kubitschek International Airport,3497,SA,BR,BR-DF,Brasília,SBBR,BSB,SBBR,DF0001,"-15.869167, -47.920834"
SBCF,large_airport,Tancredo Neves International Airport,2721,SA,BR,BR-MG,Belo Horizonte,SBCF,CNF,SBCF,MG0001,"-19.63571, -43.966928"
SBEG,large_airport,Eduardo Gomes International Airport,264,SA,BR,BR-AM,Manaus,SBEG,MAO,SBEG,AM0001,"-3.03861, -60.049702"
SBFL,large_airport,Hercílio Luz International Airport,16,SA,BR,BR-SC,Florianópolis,SBFL,FLN,SBFL,SC0001,"-27.670279, -48.552502"
SBFZ,large_airport,Pinto Martins International Airport,83,SA,BR,BR-CE,Fortaleza,SBFZ,FOR,SBFZ,CE0001,"-3.775833, -38.532222"
SBGL,large_airport,Rio Galeão – Tom Jobim International Airport,28,SA,BR,BR-RJ,Rio De Janeiro,SBGL,GIG,SBGL,RJ0001,"-22.809999, -43.250557"
SBGR,large_airport,Guarulhos - Governador André Franco Montoro International Airport,2461,SA,BR,BR-SP,São Paulo,SBGR,GRU,SBGR,SP0002,"-23.431944, -46.467778"
SBPS,large_airport,Porto Seguro Airport,169,SA,BR,BR-BA,Porto Seguro,SBPS,BPS,SBPS,BA0002,"-16.438426, -39.080584"
SBSV,large_airport,Deputado Luiz Eduardo Magalhães International Airport,64,SA,BR,BR-BA,Salvador,SBSV,SSA,SBSV,BA0001,"-12.908611, -38.322498"
SBVT,large_airport,Eurico de Aguiar Salles Airport,34,SA,BR,BR-ES,Vitória,SBVT,VIX,SBVT,ES0001,"-20.258, -40.285"
SCEL,large_airport,Comodoro Arturo Merino Benítez International Airport,1555,SA,CL,CL-RM,Santiago,SCEL,SCL,SCEL,,"-33.393001556396484, -70.78579711914062"
SEGU,large_airport,José Joaquín de Olmedo International Airport,19,SA,EC,EC-G,Guayaquil,SEGU,GYE,SEGU,,"-2.15742, -79.883598"
SEQM,large_airport,Mariscal Sucre International Airport,7841,SA,EC,EC-P,Quito,SEQM,UIO,SEQM,UIO,"-0.125399, -78.354306"
SGAS,large_airport,Silvio Pettirossi International Airport,292,SA,PY,PY-11,Asunción,SGAS,ASU,SGAS,,"-25.240156, -57.519227"
SGEN,large_airport,Lieutenant Amin Ayub González International Airport,659,SA,PY,PY-7,Encarnación,SGEN,ENO,SGEN,,"-27.227537, -55.837584"
SGES,large_airport,Guaraní International Airport,846,SA,PY,PY-10,Ciudad del Este,SGES,AGT,SGES,,"-25.457186, -54.839544"
SGME,large_airport,Doctor Luis Maria Argaña International Airport,553,SA,PY,PY-19,Mariscal Estigarribia,SGME,ESG,SGME,,"-22.046499, -60.6217"
SKBO,large_airport,El Dorado International Airport,8361,SA,CO,CO-DC,Bogota,SKBO,BOG,SKBO,BOG,"4.70159, -74.1469"
SLVR,large_airport,Viru Viru International Airport,1224,SA,BO,BO-S,Santa Cruz,SLVR,VVI,SLVR,,"-17.6448, -63.135399"
SMJP,large_airport,Johan Adolf Pengel International Airport,59,SA,SR,SR-PR,Zandery,SMJP,PBM,SMJP,,"5.45283, -55.187801"
SOCA,large_airport,Cayenne – Félix Eboué Airport,26,SA,GF,GF-CY,Matoury,SOCA,CAY,SOCA,,"4.819964, -52.361326"
SPIM,large_airport,Jorge Chávez International Airport,113,SA,PE,PE-LIM,Lima,SPJC,LIM,SPJC,,"-12.0219, -77.114305"
SPZO,large_airport,Alejandro Velasco Astete International Airport,10860,SA,PE,PE-CUS,Cusco,SPZO,CUZ,SPZO,,"-13.535699844400002, -71.9387969971"
SUMU,large_airport,Carrasco General Cesáreo L. Berisso International Airport,105,SA,UY,UY-CA,Ciudad de la Costa,SUMU,MVD,SUMU,,"-34.835647, -56.026497"
SVBC,large_airport,General José Antonio Anzoategui International Airport,30,SA,VE,VE-B,Barcelona,SVBC,BLA,SVBC,,"10.111111, -64.692222"
SVMI,large_airport,Simón Bolívar International Airport,234,SA,VE,VE-X,Caracas,SVMI,CCS,SVMI,,"10.601194, -66.991222"
TFFF,large_airport,Martinique Aimé Césaire International Airport,16,NA,MQ,MQ-U-A,Fort-de-France,TFFF,FDF,TFFF,,"14.591, -61.003201"
TFFR,large_airport,Guadeloupe - Maryse Condé International Airport,36,NA,GP,GP-U-A,Pointe-à-Pitre,TFFR,PTP,TFFR,,"16.265301, -61.531799"
TJSJ,large_airport,Luis Munoz Marin International Airport,9,NA,PR,PR-U-A,San Juan,TJSJ,SJU,TJSJ,SJU,"18.4394, -66.001801"
TLPL,large_airport,Hewanorra International Airport,14,NA,LC,LC-11,Vieux Fort,TLPL,UVF,TLPL,,"13.7332, -60.952599"
TNCA,large_airport,Queen Beatrix International Airport,60,NA,AW,AW-U-A,Oranjestad,TNCA,AUA,TNCA,,"12.5014, -70.015198"
TNCB,large_airport,Flamingo International Airport,20,NA,BQ,BQ-U-A,"Kralendijk, Bonaire",TNCB,BON,TNCB,,"12.131, -68.268501"
TNCC,large_airport,Hato International Airport,29,NA,CW,CW-U-A,Willemstad,TNCC,CUR,TNCC,,"12.1889, -68.959801"
TNCM,large_airport,Princess Juliana International Airport,13,NA,SX,SX-U-A,Saint Martin,TNCM,SXM,TNCM,,"18.041, -63.108898"
UAAA,large_airport,Almaty International Airport,2234,AS,KZ,KZ-ALA,Almaty,UAAA,ALA,UAAA,,"43.354267, 77.042828"
UACC,large_airport,Nursultan Nazarbayev International Airport,1165,AS,KZ,KZ-AST,Astana,UACC,NQZ,UACC,,"51.027035, 71.467094"
UAFM,large_airport,Manas International Airport,2058,AS,KG,KG-C,Bishkek,,FRU,UCFM,,"43.0612983704, 74.4776000977"
UBBB,large_airport,Heydar Aliyev International Airport,10,AS,AZ,AZ-BA,Baku,UBBB,GYD,UBBB,,"40.467498779296875, 50.04669952392578"
UDYZ,large_airport,Zvartnots International Airport,2838,AS,AM,AM-ER,Yerevan,UDYZ,EVN,UDYZ,,"40.1473007202, 44.3959007263"
UGTB,large_airport,Tbilisi International Airport,1624,AS,GE,GE-TB,Tbilisi,UGTB,TBS,UGTB,,"41.669201, 44.9547"
UHWW,large_airport,Vladivostok International Airport,59,AS,RU,RU-PRI,Artyom,UHWW,VVO,UHWW,,"43.396256, 132.148155"
UKBB,large_airport,Boryspil International Airport,427,EU,UA,UA-32,Boryspil,UKBB,KBP,UKBB,,"50.345001, 30.894699"
UKLL,large_airport,Lviv International Airport,1071,EU,UA,UA-46,Lviv,UKLL,LWO,UKLL,,"49.8125, 23.9561"
ULLI,large_airport,Pulkovo Airport,78,EU,RU,RU-SPE,St. Petersburg,ULLI,LED,ULLI,,"59.800301, 30.262501"
UMMS,large_airport,Minsk National Airport,670,EU,BY,BY-MI,Minsk,UMMS,MSQ,UMMS,,"53.888071, 28.039964"
UNKL,large_airport,Krasnoyarsk International Airport,942,EU,RU,RU-KYA,Krasnoyarsk,UNKL,KJA,UNKL,,"56.173077, 92.492437"
UNNT,large_airport,Novosibirsk Tolmachevo Airport,365,EU,RU,RU-NVS,Novosibirsk,UNNT,OVB,UNNT,,"55.019756, 82.618675"
URRP,large_airport,Platov International Airport,213,EU,RU,RU-ROS,Rostov-on-Don,URRP,ROV,URRP,,"47.493888, 39.924722"
URSS,large_airport,Sochi International Airport,89,EU,RU,RU-KDA,Sochi,URSS,AER,URSS,,"43.449902, 39.9566"
USSS,large_airport,Koltsovo Airport,764,AS,RU,RU-SVE,Yekaterinburg,USSS,SVX,USSS,,"56.743099212646, 60.802700042725"
UTAA,large_airport,Ashgabat International Airport,692,AS,TM,TM-S,Ashgabat,UTAA,ASB,UTAA,,"37.986801, 58.361"
UTTT,large_airport,Tashkent International Airport,1417,AS,UZ,UZ-TO,Tashkent,UTTT,TAS,UTTT,,"41.257900238, 69.2811965942"
UUBW,large_airport,Zhukovsky International Airport,377,EU,RU,RU-MOS,Moscow,UUBW,ZIA,UUBW,,"55.553299, 38.150002"
UUDD,large_airport,Domodedovo International Airport,588,EU,RU,RU-MOS,Moscow,UUDD,DME,UUDD,,"55.408798, 37.9063"
UUEE,large_airport,Sheremetyevo International Airport,622,EU,RU,RU-MOS,Moscow,UUEE,SVO,UUEE,,"55.972599, 37.4146"
UUWW,large_airport,Vnukovo International Airport,685,EU,RU,RU-MOW,Moscow,UUWW,VKO,UUWW,,"55.591499, 37.261501"
UWKD,large_airport,Kazan International Airport,411,AS,RU,RU-TA,Kazan,UWKD,KZN,UWKD,,"55.606201, 49.278702"
UWSG,large_airport,Gagarin International Airport,103,AS,RU,RU-SAR,Saratov,UWSG,GSV,UWSG,,"51.712778, 46.171111"
UWUU,large_airport,Ufa International Airport,449,EU,RU,RU-BA,Ufa,UWUU,UFA,UWUU,,"54.557498931885, 55.874401092529"
UWWW,large_airport,Kurumoch International Airport,477,EU,RU,RU-SAM,Samara,UWWW,KUF,UWWW,,"53.504902, 50.164299"
VABB,large_airport,Chhatrapati Shivaji International Airport,39,AS,IN,IN-MM,Mumbai,VABB,BOM,VABB,,"19.0886993408, 72.8678970337"
VAHS,large_airport,Rajkot International Airport,647,AS,IN,IN-GJ,Rajkot,VAHS,HSR,VAHS,,"22.378824, 71.039391"
VCBI,large_airport,Bandaranaike International Colombo Airport,30,AS,LK,LK-1,Colombo,VCBI,CMB,VCBI,,"7.180759906768799, 79.88410186767578"
VCRI,large_airport,Mattala Rajapaksa International Airport,157,AS,LK,LK-3,Mattala,VCRI,HRI,VCRI,VCRI,"6.284467, 81.124128"
VDPP,large_airport,Phnom Penh International Airport,40,AS,KH,KH-12,Phnom Penh (Pou Senchey),VDPP,PNH,VDPP,,"11.5466, 104.844002"
VDSA,large_airport,Siem Reap-Angkor International Airport,191,AS,KH,KH-17,Siem Reap,VDSA,SAI,VDSA,,"13.369167, 104.223056"
VECC,large_airport,Netaji Subhash Chandra Bose International Airport,16,AS,IN,IN-WB,Kolkata,VECC,CCU,VECC,,"22.654699, 88.446701"
VGHS,large_airport,Hazrat Shahjalal International Airport,30,AS,BD,BD-3,Dhaka,VGHS,DAC,VGHS,,"23.843347, 90.397783"
VHHH,large_airport,Hong Kong International Airport,28,AS,HK,HK-NT,Hong Kong,VHHH,HKG,VHHH,,"22.308901, 113.915001"
VIDP,large_airport,Indira Gandhi International Airport,777,AS,IN,IN-DL,New Delhi,VIDP,DEL,VIDP,,"28.55563, 77.09519"
VMMC,large_airport,Macau International Airport,20,AS,MO,MO-CAR,Nossa Senhora do Carmo,VMMC,MFM,VMMC,,"22.149599, 113.592003"
VN-0079,large_airport,Nhà cái MI88,,AS,VN,VN-U-A,,,,,,"0.000001, 0.000001"
VNKT,large_airport,Tribhuvan International Airport,4390,AS,NP,NP-P3,Kathmandu,VNKT,KTM,VNKT,,"27.6966, 85.3591"
VOBL,large_airport,Kempegowda International Airport,3000,AS,IN,IN-KA,Bangalore,VOBL,BLR,VOBL,,"13.1979, 77.706299"
VOCI,large_airport,Cochin International Airport,30,AS,IN,IN-KL,Kochi,VOCI,COK,VOCI,,"10.152, 76.401901"
VOGA,large_airport,Manohar International Airport,552,AS,IN,IN-GA,Mopa,VOGA,GOX,VOGA,,"15.744257, 73.860625"
VOGO,large_airport,Dabolim Airport,150,AS,IN,IN-GA,Vasco da Gama,VOGO,GOI,VOGO,,"15.3808, 73.831398"
VOHS,large_airport,Rajiv Gandhi International Airport,2024,AS,IN,IN-TG,Hyderabad,VOHS,HYD,VOHS,,"17.231318, 78.429855"
VOMM,large_airport,Chennai International Airport,52,AS,IN,IN-TN,Chennai,VOMM,MAA,VOMM,,"12.990005, 80.169296"
VOTV,large_airport,Thiruvananthapuram International Airport,15,AS,IN,IN-KL,Thiruvananthapuram,VOTV,TRV,VOTV,,"8.48212, 76.920097"
VRMM,large_airport,Malé International Airport,6,AS,MV,MV-MLE,Malé,VRMM,MLE,VRMM,,"4.191830158233643, 73.52909851074219"
VTBD,large_airport,Don Mueang International Airport,9,AS,TH,TH-10,Bangkok,VTBD,DMK,VTBD,,"13.9125995636, 100.607002258"
VTBS,large_airport,Suvarnabhumi Airport,5,AS,TH,TH-10,Bangkok,VTBS,BKK,VTBS,,"13.681099891662598, 100.74700164794922"
VTCC,large_airport,Chiang Mai International Airport,1036,AS,TH,TH-50,Chiang Mai,VTCC,CNX,VTCC,,"18.766799926799997, 98.962600708"
VTSP,large_airport,Phuket International Airport,82,AS,TH,TH-83,Phuket,VTSP,HKT,VTSP,,"8.1132, 98.316902"
VVNB,large_airport,Noi Bai International Airport,39,AS,VN,VN-RRD,Hanoi (Soc Son),VVNB,HAN,VVNB,,"21.221201, 105.806999"
VVTS,large_airport,Tan Son Nhat International Airport,33,AS,VN,VN-SE,Ho Chi Minh City,VVTS,SGN,VVTS,,"10.8188, 106.652"
VYMD,large_airport,Mandalay International Airport,300,AS,MM,MM-04,Mandalay,VYMD,MDL,VYMD,,"21.702199935913086, 95.97789764404297"
VYYY,large_airport,Yangon International Airport,109,AS,MM,MM-06,Yangon,VYYY,RGN,VYYY,,"16.907300949099998, 96.1332015991"
WAAA,large_airport,Hasanuddin International Airport,47,AS,ID,ID-SN,Ujung Pandang,WAAA,UPG,WAAA,,"-5.06163, 119.554001"
WADD,large_airport,Denpasar I Gusti Ngurah Rai International Airport,14,AS,ID,ID-BA,"Kuta, Badung",WADD,DPS,WADD,,"-8.748409, 115.167123"
WAJJ,large_airport,Dortheys Hiyo Eluay International Airport,289,AS,ID,ID-PA,Sentani,WAJJ,DJJ,WAJJ,,"-2.579627, 140.519857"
WALL,large_airport,Sultan Aji Muhammad Sulaiman Sepinggan International Airport,12,AS,ID,ID-KI,Balikpapan,WALL,BPN,WALL,,"-1.268342, 116.89452"
WARR,large_airport,Juanda International Airport,9,AS,ID,ID-JI,Surabaya,WARR,SUB,WARR,,"-7.37983, 112.787003"
WBSB,large_airport,Brunei International Airport,73,AS,BN,BN-BM,Bandar Seri Begawan,WBSB,BWN,WBSB,,"4.9442, 114.928001"
WIII,large_airport,Soekarno-Hatta International Airport,34,AS,ID,ID-BT,Jakarta,WIII,CGK,WIII,,"-6.1255698204, 106.65599823"
WIMM,large_airport,Kualanamu International Airport,23,AS,ID,ID-SU,Medan,WIMM,KNO,WIMM,,"3.637847, 98.870566"
WMKK,large_airport,Kuala Lumpur International Airport,69,AS,MY,MY-10,Sepang,WMKK,KUL,WMKK,,"2.74558, 101.709999"
WSSS,large_airport,Singapore Changi Airport,22,AS,SG,SG-04,Singapore,WSSS,SIN,WSSS,,"1.35019, 103.994003"
YBBN,large_airport,Brisbane International Airport,13,OC,AU,AU-QLD,Brisbane,YBBN,BNE,YBBN,,"-27.384199142456055, 153.11700439453125"
YMML,large_airport,Melbourne Airport,434,OC,AU,AU-VIC,Melbourne,YMML,MEL,YMML,,"-37.661548, 144.836432"
YPAD,large_airport,Adelaide International Airport,20,OC,AU,AU-SA,Adelaide,YPAD,ADL,YPAD,,"-34.947512, 138.533393"
YPDN,large_airport,Darwin International Airport / RAAF Darwin,103,OC,AU,AU-NT,Darwin,YPDN,DRW,YPDN,,"-12.41497, 130.88185"
YPPH,large_airport,Perth International Airport,67,OC,AU,AU-WA,Perth,YPPH,PER,YPPH,,"-31.94029998779297, 115.96700286865234"
YSSY,large_airport,Sydney Kingsford Smith International Airport,21,OC,AU,AU-NSW,Sydney (Mascot),YSSY,SYD,YSSY,,"-33.946098, 151.177002"
ZBAA,large_airport,Beijing Capital International Airport,116,AS,CN,CN-11,Beijing,ZBAA,PEK,ZBAA,,"40.080101013183594, 116.58499908447266"
ZBAD,large_airport,Beijing Daxing International Airport,98,AS,CN,CN-11,Beijing,ZBAD,PKX,ZBAD,,"39.509945, 116.41092"
ZBHH,large_airport,Hohhot Baita International Airport,3556,AS,CN,CN-15,Hohhot,ZBHH,HET,ZBHH,,"40.849658, 111.824598"
ZBTJ,large_airport,Tianjin Binhai International Airport,10,AS,CN,CN-12,Tianjin,ZBTJ,TSN,ZBTJ,,"39.124401092499994, 117.346000671"
ZBYN,large_airport,Taiyuan Wusu International Airport,2575,AS,CN,CN-14,Taiyuan,ZBYN,TYN,ZBYN,,"37.746899, 112.627998"
ZGGG,large_airport,Guangzhou Baiyun International Airport,50,AS,CN,CN-44,Guangzhou (Huadu),ZGGG,CAN,ZGGG,,"23.392401, 113.299004"
ZGHA,large_airport,Changsha Huanghua International Airport,217,AS,CN,CN-43,Changsha (Changsha),ZGHA,CSX,ZGHA,,"28.189199, 113.220001"
ZGKL,large_airport,Guilin Liangjiang International Airport,570,AS,CN,CN-45,Guilin (Lingui),ZGKL,KWL,ZGKL,,"25.219828, 110.039553"
ZGNN,large_airport,Nanning Wuxu Airport,421,AS,CN,CN-45,Nanning (Jiangnan),ZGNN,NNG,ZGNN,,"22.608544, 108.175335"
ZGSZ,large_airport,Shenzhen Bao'an International Airport,13,AS,CN,CN-44,Shenzhen (Bao'an),ZGSZ,SZX,ZGSZ,,"22.639299, 113.810997"
ZHCC,large_airport,Zhengzhou Xinzheng International Airport,495,AS,CN,CN-41,Zhengzhou,ZHCC,CGO,ZHCC,,"34.526497, 113.849165"
ZHEC,large_airport,Ezhou Huahu Airport,86,AS,CN,CN-42,Ezhou,ZHEC,EHU,ZHEC,,"30.341178, 115.03926"
ZHHH,large_airport,Wuhan Tianhe International Airport,113,AS,CN,CN-42,Wuhan (Huangpi),ZHHH,WUH,ZHHH,,"30.774798, 114.213723"
ZJHK,large_airport,Haikou Meilan International Airport,75,AS,CN,CN-46,Haikou (Meilan),ZJHK,HAK,ZJHK,,"19.9349, 110.459"
ZJSY,large_airport,Sanya Phoenix International Airport,92,AS,CN,CN-46,Sanya (Tianya),ZJSY,SYX,ZJSY,,"18.3029, 109.412003"
ZKPY,large_airport,Pyongyang Sunan International Airport,117,AS,KP,KP-01,Pyongyang,ZKPY,FNJ,ZKPY,,"39.224098, 125.669998"
ZLLL,large_airport,Lanzhou Zhongchuan International Airport,6388,AS,CN,CN-62,Lanzhou (Yongdeng),ZLLL,LHW,ZLLL,,"36.515202, 103.620003"
ZLXY,large_airport,Xi'an Xianyang International Airport,1572,AS,CN,CN-61,Xianyang (Weicheng),ZLXY,XIY,ZLXY,,"34.447102, 108.751999"
ZMCK,large_airport,Ulaanbaatar Chinggis Khaan International Airport,4482,AS,MN,MN-047,Ulaanbaatar (Sergelen),ZMCK,UBN,ZMCK,,"47.646916, 106.819833"
ZPPP,large_airport,Kunming Changshui International Airport,6903,AS,CN,CN-53,Kunming,ZPPP,KMG,ZPPP,,"25.110313, 102.936743"
ZSAM,large_airport,Xiamen Gaoqi International Airport,59,AS,CN,CN-35,Xiamen,ZSAM,XMN,ZSAM,,"24.54400062561035, 118.12799835205078"
ZSCN,large_airport,Nanchang Changbei International Airport,143,AS,CN,CN-36,Nanchang,ZSCN,KHN,ZSCN,,"28.864815, 115.90271"
ZSFZ,large_airport,Fuzhou Changle International Airport,46,AS,CN,CN-35,Fuzhou (Changle),ZSFZ,FOC,ZSFZ,FOC,"25.934669, 119.66318"
ZSHC,large_airport,Hangzhou Xiaoshan International Airport,23,AS,CN,CN-33,Hangzhou,ZSHC,HGH,ZSHC,,"30.23609, 120.428865"
ZSJN,large_airport,Jinan Yaoqiang International Airport,76,AS,CN,CN-37,Jinan (Licheng),ZSJN,TNA,ZSJN,,"36.857201, 117.216003"
ZSNB,large_airport,Ningbo Lishe International Airport,13,AS,CN,CN-33,Ningbo,ZSNB,NGB,ZSNB,,"29.82670021057129, 121.46199798583984"
ZSNJ,large_airport,Nanjing Lukou International Airport,49,AS,CN,CN-32,Nanjing,ZSNJ,NKG,ZSNJ,,"31.735032, 118.865949"
ZSPD,large_airport,Shanghai Pudong International Airport,13,AS,CN,CN-31,Shanghai (Pudong),ZSPD,PVG,ZSPD,,"31.1434, 121.805"
ZSQD,large_airport,Qingdao Jiaodong International Airport,30,AS,CN,CN-37,Qingdao (Jiaozhou),ZSQD,TAO,ZSQD,,"36.361953, 120.088171"
ZSSS,large_airport,Shanghai Hongqiao International Airport,10,AS,CN,CN-31,Shanghai (Minhang),ZSSS,SHA,ZSSS,,"31.198104, 121.33426"
ZSWZ,large_airport,Wenzhou Longwan International Airport,13,AS,CN,CN-33,Wenzhou (Longwan),ZSWZ,WNZ,ZSWZ,,"27.910572, 120.853465"
ZSYT,large_airport,Yantai Penglai International Airport,154,AS,CN,CN-37,Yantai,ZSYT,YNT,ZSYT,,"37.659724, 120.978124"
ZUCK,large_airport,Chongqing Jiangbei International Airport,1365,AS,CN,CN-50,Chongqing,ZUCK,CKG,ZUCK,,"29.712254, 106.651895"
ZUGY,large_airport,Guiyang Longdongbao International Airport,3736,AS,CN,CN-52,Guiyang (Nanming),ZUGY,KWE,ZUGY,,"26.541466, 106.803331"
ZUTF,large_airport,Chengdu Tianfu International Airport,1440,AS,CN,CN-51,Chengdu (Jianyang),ZUTF,TFU,ZUTF,,"30.31252, 104.441284"
ZUUU,large_airport,Chengdu Shuangliu International Airport,1625,AS,CN,CN-51,Chengdu (Shuangliu),ZUUU,CTU,ZUUU,,"30.558257, 103.945966"
ZWWW,large_airport,Ürümqi Diwopu International Airport,2125,AS,CN,CN-65,Ürümqi,ZWWW,URC,ZWWW,,"43.907100677490234, 87.47419738769531"
ZYCC,large_airport,Changchun Longjia International Airport,706,AS,CN,CN-22,Changchun,ZYCC,CGQ,ZYCC,,"43.996201, 125.684998"
ZYHB,large_airport,Harbin Taiping International Airport,457,AS,CN,CN-23,Harbin,ZYHB,HRB,ZYHB,,"45.623402, 126.25"
ZYTL,large_airport,Dalian Zhoushuizi International Airport,107,AS,CN,CN-21,Dalian (Ganjingzi),ZYTL,DLC,ZYTL,,"38.965719, 121.538477"
ZYTX,large_airport,Shenyang Taoxian International Airport,198,AS,CN,CN-21,"Hunnan, Shenyang",ZYTX,SHE,ZYTX,,"41.639801, 123.483002"
